model,mae,rmse
Seasonal Naïve,0.25308276600366747,0.3033044363686148
Naïve Drift,0.2762007883182379,0.327502895229775
SARIMA,0.2982885881226429,0.34741875415197465
