model,mae,rmse,strategy
LGBM-Direct,0.21895376657987567,0.25933837595231685,Direct
LGBM-Recursive,0.22454338522525275,0.26704290178574636,Recursive
Naïve Drift,0.22849358356436897,0.28978600658981674,Baseline
XGB-Recursive,0.23606154634068485,0.2825392528631417,Recursive
XGB-Direct,0.24465628692707517,0.29136754512859364,Direct
Seasonal Naïve,0.24617948254453365,0.3090358433841375,Baseline
SARIMA,0.26057337524405777,0.324957913630944,Baseline
