type,mae,rmse
direct,0.42495675091222024,0.46711672982100155
recursive,0.38602647205857726,0.43813501492016
