model,mae,rmse,strategy
LGBM-Recursive,0.21664209275774496,0.2666970182394125,Recursive
LGBM-Direct,0.22155305288310845,0.2703205941040302,Direct
XGB-Recursive,0.24563305763062615,0.30568021639713017,Recursive
XGB-Direct,0.2639195423780024,0.32344011267512074,Direct
