model,mae,rmse
GRU-Direct,0.2077240144840062,0.24530414148222646
LSTM-Direct,0.23400440666384864,0.2758576607978468
TCN-Direct,0.2976160808477229,0.3434239146751901
